dataset,trend_type,period_type,model,time,mse_trend,mse_seasonal,mse_residual,mae_trend,mae_seasonal,mae_residual,rmse_trend,rmse_seasonal,rmse_residual,corr_trend,corr_seasonal,corr_residual,psnr_trend,psnr_seasonal,psnr_residual,selected_method
synth1,linear,fixed,LGTD,0.01837301254272461,0.6500117038290258,12.86631398344671,16.65808815576293,0.7102156593355134,2.7809124092037725,3.2673640815259413,0.8062330332038162,3.5869644524927633,4.08143212068545,0.9999999999999997,0.9971760876128116,0.08256056003097074,33.907644031327216,22.884858631610495,-0.9873464248603974,linear
