dataset,trend_type,period_type,model,time,mse_trend,mse_seasonal,mse_residual,mae_trend,mae_seasonal,mae_residual,rmse_trend,rmse_seasonal,rmse_residual,corr_trend,corr_seasonal,corr_residual,psnr_trend,psnr_seasonal,psnr_residual,selected_method
synth1,linear,fixed,LGTD,0.010705947875976562,0.6500117038290258,12.86631398344671,16.65808815576293,0.7102156593355134,2.7809124092037725,3.2673640815259413,0.8062330332038162,3.5869644524927633,4.08143212068545,0.9999999999999997,0.9971760876128116,0.08256056003097074,33.907644031327216,22.884858631610495,-0.9873464248603974,linear
synth1,linear,fixed,LGTD_Linear,0.005899906158447266,0.6500117038290258,12.86631398344671,16.65808815576293,0.7102156593355134,2.7809124092037725,3.2673640815259413,0.8062330332038162,3.5869644524927633,4.08143212068545,0.9999999999999997,0.9971760876128116,0.08256056003097074,33.907644031327216,22.884858631610495,-0.9873464248603974,linear
synth1,linear,fixed,LGTD_LOWESS,0.0840749740600586,14.652720423832664,26.124472838917324,16.369243365572895,1.3176090851334816,3.8661806406472556,3.384202548912861,3.8278872010330534,5.11121050622231,4.045892159409701,0.9489922812227719,0.9909941354818946,0.1922742949970128,20.37767316281796,19.808924730154793,-0.9113809192597782,lowess
synth7,linear,variable,LGTD,0.009393930435180664,14.084097513015083,40.3444152965297,29.416096907423235,3.2441599222857587,5.146111774740438,4.432896889222049,3.7528785635849027,6.351725379495693,5.423660840006797,0.9999999999999999,0.9871038480054896,-0.11833184832882836,20.549565562633404,17.921525111326343,-3.456945340031532,linear
synth7,linear,variable,LGTD_Linear,0.005551815032958984,14.084097513015083,40.3444152965297,29.416096907423235,3.2441599222857587,5.146111774740438,4.432896889222049,3.7528785635849027,6.351725379495693,5.423660840006797,0.9999999999999999,0.9871038480054896,-0.11833184832882836,20.549565562633404,17.921525111326343,-3.456945340031532,linear
synth7,linear,variable,LGTD_LOWESS,0.08448195457458496,667.7918727407961,692.294525238122,37.219174607750524,21.54981457355518,21.978731710966176,5.207133060235966,25.841669310259274,26.311490365202083,6.100751970679559,0.2439384809369891,0.6941896660176609,-0.2482507594466428,3.7904445032847933,5.576450396749671,-4.478762241701989,lowess
