dataset,trend_type,period_type,model,time,mse_trend,mse_seasonal,mse_residual,mae_trend,mae_seasonal,mae_residual,rmse_trend,rmse_seasonal,rmse_residual,corr_trend,corr_seasonal,corr_residual,psnr_trend,psnr_seasonal,psnr_residual,selected_method
synth1,linear,fixed,LGTD,0.010514974594116211,0.6500117038290258,12.86631398344671,16.65808815576293,0.7102156593355134,2.7809124092037725,3.2673640815259413,0.8062330332038162,3.5869644524927633,4.08143212068545,0.9999999999999997,0.9971760876128116,0.08256056003097074,33.907644031327216,22.884858631610495,-0.9873464248603974,linear
synth1,linear,fixed,STL,0.18497610092163086,0.010175426332912975,0.16405498710607064,0.17321499877201663,0.08093355078131942,0.3160091476727197,0.3246273570466307,0.10087331824081616,0.405037019426707,0.416191060418189,0.9999656991120595,0.9999341046615144,0.9106046210466604,51.96132965091736,41.829505716352706,18.843050185029206,
synth2,inverted_v,fixed,LGTD,0.08934926986694336,5.362638616792237,79.21505224839431,79.40148961803753,1.0296251502126894,7.349644121431051,7.404429981472985,2.315737164876929,8.900283829653654,8.910751349804208,0.9971446010770794,0.9864195270429692,0.021752564297355878,32.69752300332888,14.99132295677292,-7.769381365346284,lowess
synth2,inverted_v,fixed,STL,0.09419703483581543,0.1891040283870172,0.13090884604560368,0.30666858961602783,0.1717063079379658,0.2844548545552601,0.3571540797442278,0.4348609299385462,0.3618132751096948,0.5537766604110612,0.999889796016984,0.9999477540122832,0.84544944836079,47.22430051084301,42.80971014077075,16.362212177302045,
